{"test/acc":0.9875,"lr":1.2548976684605777e-07,"test/class_acc/8":0.9835728952772074,"test/class_acc/6":0.9874739039665971,"test/class_acc/4":0.9867617107942973,"best_valid_acc":0.98681640625,"misclassified_examples":{"height":28,"format":"png","count":16,"filenames":["media/images/misclassified_examples_21_3763737bfa58ec0cb541.png","media/images/misclassified_examples_21_65e8e5516cff47fc60da.png","media/images/misclassified_examples_21_71bb79d230ddbb78899e.png","media/images/misclassified_examples_21_ff6881cfc8cb62b7f0b8.png","media/images/misclassified_examples_21_471d0f7a6bc218bee337.png","media/images/misclassified_examples_21_bd9bcd5733506969396e.png","media/images/misclassified_examples_21_fc5a3e63fdbd4c975f16.png","media/images/misclassified_examples_21_abfb74ecf048388c5353.png","media/images/misclassified_examples_21_06c6efac917e5735e97c.png","media/images/misclassified_examples_21_591ec516548fd253d4e6.png","media/images/misclassified_examples_21_35827f3671ea8354b08d.png","media/images/misclassified_examples_21_ae77d096eb98852d9a16.png","media/images/misclassified_examples_21_4fda6b02ef25345b0bab.png","media/images/misclassified_examples_21_20b3cae0152f6d633777.png","media/images/misclassified_examples_21_7d0085ea5fc933d62fde.png","media/images/misclassified_examples_21_2a120b6a8bc49974281e.png"],"captions":["true=4 | pred=2 | conf=0.54","true=6 | pred=0 | conf=0.64","true=2 | pred=7 | conf=0.72","true=5 | pred=3 | conf=0.66","true=6 | pred=0 | conf=0.47","true=3 | pred=5 | conf=0.48","true=8 | pred=2 | conf=0.47","true=8 | pred=2 | conf=0.77","true=2 | pred=7 | conf=0.45","true=8 | pred=4 | conf=0.52","true=5 | pred=8 | conf=0.83","true=9 | pred=7 | conf=0.47","true=8 | pred=9 | conf=0.60","true=1 | pred=2 | conf=0.40","true=6 | pred=5 | conf=0.90","true=4 | pred=6 | conf=0.85"],"_type":"images/separated","width":28},"param_count":1466122,"valid/loss":0.356429073959589,"test_acc":0.9875,"test/top3_acc":0.998,"misclassified_count":16,"epoch":20,"top3_acc":0.998,"train/loss":0.45808401411654903,"test/class_acc/2":0.9893410852713178,"test/class_acc/5":0.9854260089686099,"test/class_acc/3":0.9861386138613861,"test/loss":0.35625591948628427,"misclassified_table":{"artifact_path":"wandb-client-artifact://guz7pekcuf67yewejsexd3zhfxtn7rqy9t7jc53xmss8xxvzl21rcuiy577gqd0ndr4oyxic82dluwacvlnlio4ftad5qba0n2x33rerctaipxxmbc76av5bv5ei0xx5/misclassified_table.table.json","sha256":"7f75ad81b3f1b29120c347fe15b66899cb27b53bf4e32e055b9b9d645d831c9a","ncols":5,"_latest_artifact_path":"wandb-client-artifact://mx1tl5272e7cy9gxgoaexuegvn3kjjsyfbo5e59w8m6j62c420ct97vwrhvt7rlevgucgyzk62fg506x7sa804sztollb6w2lu2e40ieyf5hdzyv2yr7t7hvbhfcxz70:latest/misclassified_table.table.json","_type":"table-file","nrows":16,"size":4137,"log_mode":"IMMUTABLE","path":"media/table/misclassified_table_21_7f75ad81b3f1b29120c3.table.json"},"train/grad_norm":0.03235550992209099,"test/class_acc/1":0.9938325991189427,"_timestamp":1.760116565738297e+09,"valid/acc":0.986083984375,"test/class_acc/9":0.977205153617443,"train/acc":0.9493951591390523,"test/class_acc/0":0.9948979591836735,"test/confusion_table":{"artifact_path":"wandb-client-artifact://zjkwxy1apzfcx1kl93667irvcywwc5568q96r4rgyngnkr6rwnzz43ujl60ycx8zrti167gt4x8rycm24g5itrpvxiypajm6m762syw890b6duw62w5nuenuhyd1xacu/test/confusion_table.table.json","nrows":100,"sha256":"8923e164bb0e4d56deee825895fc2c2bdecbc885a2c95e535b4d59e58a775967","_type":"table-file","ncols":3,"size":1786,"log_mode":"IMMUTABLE","_latest_artifact_path":"wandb-client-artifact://vnzhd05o8q51hylctexj0more83gcz1o8r8ddrulzo3vgc3releqmdc3zvs1d5y4l9pnma3shatxaua63j7ez351iigafg07xfl09asowuoe9w303r88h7lpppqvtpfs:latest/test/confusion_table.table.json","path":"media/table/test/confusion_table_20_8923e164bb0e4d56deee.table.json"},"_runtime":103,"_step":21,"_wandb":{"runtime":103},"test/class_acc/7":0.9863813229571985}