{"misclassified_table":{"_type":"table-file","sha256":"2f4def43b257d436196b50ab3770340caeea03cf4829110dd025f64cd421d617","ncols":5,"artifact_path":"wandb-client-artifact://r6ilu944rx5e2uqpvjvf278ch91bjfpi8xvov62bw9hxnk8q23atca49pk1l0iy5zvuem1f5gvt1yud1x12pcx1dhikqkr9sjbp89dcwcusuit2kh2axkjlsicbwh95u/misclassified_table.table.json","path":"media/table/misclassified_table_21_2f4def43b257d436196b.table.json","size":4142,"nrows":16,"_latest_artifact_path":"wandb-client-artifact://fd0qvw2f2idtqisdazawzus82x8hlqav5kqjvig5t48v02p70ri77fmsh5hp9h8i63hm41c0k150xo1qnclaa899pqk8671t0ojl36bjqjw5k57fd3gx4yyo2tnrsngj:latest/misclassified_table.table.json","log_mode":"IMMUTABLE"},"epoch":20,"valid/loss":0.34185792971402407,"_timestamp":1.76011137401498e+09,"valid/acc":0.9884033203125,"test/class_acc/7":0.9863813229571985,"best_valid_acc":0.989013671875,"test/loss":0.34158889949321747,"_wandb":{"runtime":130},"top3_acc":0.9993,"test/acc":0.98798828125,"train/grad_norm":0.011854345926229715,"train/acc":0.9998085171568627,"test/class_acc/9":0.9821605550049554,"lr":1.2548976684605777e-07,"test/class_acc/8":0.9866529774127311,"test/class_acc/2":0.9893410852713178,"test/class_acc/0":0.9928571428571429,"test/class_acc/6":0.988517745302714,"_runtime":130,"test/class_acc/3":0.9871287128712871,"test/class_acc/5":0.9865470852017937,"test/top3_acc":0.9993,"train/loss":0.3137994253752278,"_step":21,"test/class_acc/1":0.9920704845814978,"misclassified_examples":{"count":16,"filenames":["media/images/misclassified_examples_21_3763737bfa58ec0cb541.png","media/images/misclassified_examples_21_65e8e5516cff47fc60da.png","media/images/misclassified_examples_21_71bb79d230ddbb78899e.png","media/images/misclassified_examples_21_ff6881cfc8cb62b7f0b8.png","media/images/misclassified_examples_21_471d0f7a6bc218bee337.png","media/images/misclassified_examples_21_fc5a3e63fdbd4c975f16.png","media/images/misclassified_examples_21_abfb74ecf048388c5353.png","media/images/misclassified_examples_21_962fc0b59216d04eed6e.png","media/images/misclassified_examples_21_35827f3671ea8354b08d.png","media/images/misclassified_examples_21_ae77d096eb98852d9a16.png","media/images/misclassified_examples_21_9ee5eb5cab92fe50ac97.png","media/images/misclassified_examples_21_4fda6b02ef25345b0bab.png","media/images/misclassified_examples_21_20b3cae0152f6d633777.png","media/images/misclassified_examples_21_7d0085ea5fc933d62fde.png","media/images/misclassified_examples_21_84324b3758910a4cd0b3.png","media/images/misclassified_examples_21_2a120b6a8bc49974281e.png"],"captions":["true=4 | pred=6 | conf=0.49","true=6 | pred=0 | conf=0.55","true=2 | pred=7 | conf=0.68","true=5 | pred=3 | conf=0.82","true=6 | pred=0 | conf=0.47","true=8 | pred=0 | conf=0.33","true=8 | pred=2 | conf=0.92","true=1 | pred=8 | conf=0.73","true=5 | pred=8 | conf=0.95","true=9 | pred=7 | conf=0.55","true=1 | pred=3 | conf=0.53","true=8 | pred=9 | conf=0.75","true=1 | pred=2 | conf=0.43","true=6 | pred=5 | conf=0.78","true=7 | pred=2 | conf=0.56","true=4 | pred=6 | conf=0.94"],"_type":"images/separated","width":28,"height":28,"format":"png"},"misclassified_count":16,"test/confusion_table":{"ncols":3,"path":"media/table/test/confusion_table_20_015baa296cc3f4f21f5f.table.json","nrows":100,"artifact_path":"wandb-client-artifact://rhknsc3mqj1kt6etif3bg6fiwmccks8esa94prlhs9jweabkbhoewcv7uzflxt8ms0ag9wo2zmjwh055kpfm58bctibmn8guvz7lo15c1gro6q9yi7ps8feepjrmq5fu/test/confusion_table.table.json","size":1785,"_type":"table-file","_latest_artifact_path":"wandb-client-artifact://alvk761rmn2gid04mkmvzgwua1djbgbg9vfs9zqpiwfpazze34knzqro6ne293aosqkf30a4njqsghr9tx2qcdjte676qpih1sp7hpttsdngzog1hs1yujewpjp9nzpl:latest/test/confusion_table.table.json","sha256":"015baa296cc3f4f21f5fcc58c962be6bab7b94563bfb60c5c683c53e74973ec1","log_mode":"IMMUTABLE"},"test_acc":0.98798828125,"test/class_acc/4":0.984725050916497,"param_count":1466122}