{"_step":21,"_timestamp":1.760112466199672e+09,"valid/acc":0.985595703125,"test/top3_acc":0.9984,"_wandb":{"runtime":127},"test/class_acc/5":0.9899103139013453,"test/confusion_table":{"sha256":"3fbe6eef30b46ac5694346b69f4f034f6d29f26f4f5d776d0db8f973b611c6f8","size":1786,"nrows":100,"log_mode":"IMMUTABLE","artifact_path":"wandb-client-artifact://zmtq7rhyx0jzh9nd8i18b4l50hmq01k1erg7u6ktpft3xdpezga51fsctqbc7h8ibkeop11mlh12ipkkrvrgeru8ssfh4e06hafeqo307ju3ncgwowwc6n8jaz9oun1y/test/confusion_table.table.json","path":"media/table/test/confusion_table_20_3fbe6eef30b46ac56943.table.json","_latest_artifact_path":"wandb-client-artifact://jnhgwqf7npuds00jqiiyftk5gk3i5wr44stho0vepkmzq1xm3hw5ypc4bjjdcxz4z419licddsqg1846jzyzdsromv4x5tpljpduulfor6jzfodrfnm44iz48yymcuvy:latest/test/confusion_table.table.json","ncols":3,"_type":"table-file"},"test/class_acc/8":0.9804928131416838,"param_count":1466122,"lr":8.365984456403852e-08,"misclassified_table":{"_latest_artifact_path":"wandb-client-artifact://8sl77glm8opgrql2n2di8gmy9gmj46y7b6v6twufpoieym5fr10il23lnswh5w32tyn2ks2g9ogfox52rfbos8912zirg59inbimn24nmxslus1fbrtxk8hey5x1yn0z:latest/misclassified_table.table.json","ncols":5,"size":4141,"_type":"table-file","artifact_path":"wandb-client-artifact://sczlot1o4qfnyp89ox6a2hrt368gwsiy6ienbcnyl6vyrehdk6qvqk3h3vs6aepogg8l98pv9puhoz7ajgb4i8ngec8slxnddjirwkq8tk0j91sgy6wgplrm50ilavqe/misclassified_table.table.json","nrows":16,"path":"media/table/misclassified_table_21_e021e7e66f43713854e6.table.json","sha256":"e021e7e66f43713854e6933a3f563b3eab3192b91aec231166948b4a75424e76","log_mode":"IMMUTABLE"},"best_valid_acc":0.9857177734375,"_runtime":127,"top3_acc":0.9984,"valid/loss":0.3714316477999091,"train/acc":0.921489046267998,"epoch":20,"test/class_acc/6":0.9812108559498957,"test/class_acc/9":0.9722497522299306,"test/class_acc/3":0.9871287128712871,"test/class_acc/4":0.9898167006109979,"test/acc":0.9869140625,"test/class_acc/1":0.9955947136563876,"test_acc":0.9869140625,"test/loss":0.36934474408626555,"train/loss":0.5383127717410817,"train/grad_norm":0.04043478320590129,"test/class_acc/0":0.9928571428571429,"misclassified_examples":{"filenames":["media/images/misclassified_examples_21_3763737bfa58ec0cb541.png","media/images/misclassified_examples_21_65e8e5516cff47fc60da.png","media/images/misclassified_examples_21_71bb79d230ddbb78899e.png","media/images/misclassified_examples_21_ff6881cfc8cb62b7f0b8.png","media/images/misclassified_examples_21_471d0f7a6bc218bee337.png","media/images/misclassified_examples_21_6867732ac47ac0e7ef48.png","media/images/misclassified_examples_21_fc5a3e63fdbd4c975f16.png","media/images/misclassified_examples_21_abfb74ecf048388c5353.png","media/images/misclassified_examples_21_962fc0b59216d04eed6e.png","media/images/misclassified_examples_21_591ec516548fd253d4e6.png","media/images/misclassified_examples_21_35827f3671ea8354b08d.png","media/images/misclassified_examples_21_ae77d096eb98852d9a16.png","media/images/misclassified_examples_21_9ee5eb5cab92fe50ac97.png","media/images/misclassified_examples_21_3841c2d2a08abdaccddf.png","media/images/misclassified_examples_21_4fda6b02ef25345b0bab.png","media/images/misclassified_examples_21_3327ccfe4065fa61657b.png"],"captions":["true=4 | pred=2 | conf=0.42","true=6 | pred=0 | conf=0.58","true=2 | pred=7 | conf=0.45","true=5 | pred=3 | conf=0.41","true=6 | pred=0 | conf=0.65","true=9 | pred=8 | conf=0.43","true=8 | pred=2 | conf=0.52","true=8 | pred=2 | conf=0.67","true=1 | pred=8 | conf=0.43","true=8 | pred=4 | conf=0.51","true=5 | pred=8 | conf=0.69","true=9 | pred=4 | conf=0.33","true=1 | pred=3 | conf=0.44","true=3 | pred=5 | conf=0.55","true=8 | pred=9 | conf=0.69","true=6 | pred=5 | conf=0.35"],"_type":"images/separated","width":28,"height":28,"format":"png","count":16},"test/class_acc/7":0.9863813229571985,"test/class_acc/2":0.9893410852713178,"misclassified_count":16}