{"top3_acc":0.9982,"test/class_acc/6":0.988517745302714,"test/acc":0.98779296875,"misclassified_examples":{"format":"png","count":16,"filenames":["media/images/misclassified_examples_21_a3b7c835a247c79d22e0.png","media/images/misclassified_examples_21_3763737bfa58ec0cb541.png","media/images/misclassified_examples_21_65e8e5516cff47fc60da.png","media/images/misclassified_examples_21_71bb79d230ddbb78899e.png","media/images/misclassified_examples_21_ff6881cfc8cb62b7f0b8.png","media/images/misclassified_examples_21_e534edda8484ec56c65a.png","media/images/misclassified_examples_21_471d0f7a6bc218bee337.png","media/images/misclassified_examples_21_fc5a3e63fdbd4c975f16.png","media/images/misclassified_examples_21_abfb74ecf048388c5353.png","media/images/misclassified_examples_21_ee9cc0c10fa7e87c8b6a.png","media/images/misclassified_examples_21_35827f3671ea8354b08d.png","media/images/misclassified_examples_21_ae77d096eb98852d9a16.png","media/images/misclassified_examples_21_4fda6b02ef25345b0bab.png","media/images/misclassified_examples_21_20b3cae0152f6d633777.png","media/images/misclassified_examples_21_7d0085ea5fc933d62fde.png","media/images/misclassified_examples_21_2a120b6a8bc49974281e.png"],"captions":["true=4 | pred=9 | conf=0.58","true=4 | pred=6 | conf=0.54","true=6 | pred=0 | conf=0.67","true=2 | pred=7 | conf=0.73","true=5 | pred=3 | conf=0.50","true=3 | pred=7 | conf=0.61","true=6 | pred=0 | conf=0.64","true=8 | pred=2 | conf=0.45","true=8 | pred=2 | conf=0.63","true=2 | pred=1 | conf=0.41","true=5 | pred=8 | conf=0.86","true=9 | pred=4 | conf=0.35","true=8 | pred=9 | conf=0.70","true=1 | pred=2 | conf=0.40","true=6 | pred=5 | conf=0.82","true=4 | pred=6 | conf=0.86"],"_type":"images/separated","width":28,"height":28},"best_valid_acc":0.9869384765625,"test/class_acc/7":0.9883268482490273,"train/loss":0.448127063758233,"_timestamp":1.760111517034322e+09,"train/grad_norm":0.028517377428144364,"valid/acc":0.9852294921875,"test_acc":0.98779296875,"param_count":1466122,"_step":21,"test/class_acc/9":0.9732408325074331,"misclassified_count":16,"epoch":20,"test/class_acc/0":0.9948979591836735,"lr":1.2548976684605777e-07,"test/class_acc/4":0.9857433808553971,"test/class_acc/2":0.9874031007751938,"misclassified_table":{"ncols":5,"_type":"table-file","sha256":"fbbd04bdb82f0ff4bfe9ee4a6f46795e52274eb51125001b2d94002f6d5550a2","artifact_path":"wandb-client-artifact://tz4o0sq69tlpc0zgqs5l2xvgvkyyll03ppiwguiif4z023vassc5bn1gaqlwip80y9g3zj80x5net2a6fx409nq27otkfs8qxg2z9ypueh5gwmhrgw04k8y19fqa087g/misclassified_table.table.json","size":4138,"log_mode":"IMMUTABLE","_latest_artifact_path":"wandb-client-artifact://fvt1tfiyqf7xp57pougmbn0u6aqlcnmda2u9taxlu3357iaxncuwwhwzrpl07oeuqyb2o043amqf0tdosmuvys1h3zzv8nnckn1anijonhweyo7u2vcdfmw6r9hyxpq6:latest/misclassified_table.table.json","nrows":16,"path":"media/table/misclassified_table_21_fbbd04bdb82f0ff4bfe9.table.json"},"test/top3_acc":0.9982,"train/acc":0.9499169860887723,"_runtime":134,"test/class_acc/1":0.9929515418502203,"test/loss":0.3591031484305859,"test/confusion_table":{"sha256":"0dd0b23ffe4c12dbafc83b3a9f2c852c648f2c12d9d00b9e7c248ccb5a3f57cf","artifact_path":"wandb-client-artifact://7thy8hqyzhu7c8lo2xd4mppl5nezxg3ng9b35grpv0j9yrrgpkpug7hu80mlrxrsdunr56q3ho4r5c1tn7qhab3b3ek4fioauzzjmj02z3c9nvyj7581cxovhxqy4ni1/test/confusion_table.table.json","log_mode":"IMMUTABLE","path":"media/table/test/confusion_table_20_0dd0b23ffe4c12dbafc8.table.json","_type":"table-file","size":1786,"_latest_artifact_path":"wandb-client-artifact://e6h3rzybpv8w3dwbldbad0ied6m1a1ber0rz0m38bvd57fx1zkaogb6ohbvcm6heb86ozdqvfu14b0fnkjto9iwdso36qe9mgdmep61s33iga5m0bhrrbxjgyunxje27:latest/test/confusion_table.table.json","ncols":3,"nrows":100},"test/class_acc/8":0.9856262833675564,"valid/loss":0.3603389337658882,"_wandb":{"runtime":134},"test/class_acc/3":0.9881188118811881,"test/class_acc/5":0.9899103139013453}