{"test/class_acc/5":0.9865470852017937,"train/grad_norm":0.03204954814111047,"train/acc":0.9493502436375906,"_step":21,"test/class_acc/8":0.9825462012320328,"param_count":1466122,"test/class_acc/6":0.9874739039665971,"test_acc":0.98720703125,"test/class_acc/9":0.977205153617443,"test/class_acc/4":0.9857433808553971,"test/class_acc/7":0.9854085603112841,"best_valid_acc":0.9866943359375,"test/confusion_table":{"ncols":3,"_latest_artifact_path":"wandb-client-artifact://0uzy5xpoqvxftrxloxvovoqgvqxiwc0x0g5uel70bs94n05kkmgdd3w4u9v8dcftidthsn4o3f66feu0ffzmryj1n2iu5krdtby01ufrbjbih3ej5odg7h3zyj04gc4b:latest/test/confusion_table.table.json","path":"media/table/test/confusion_table_20_61cf1381a3b0e81bcaf2.table.json","sha256":"61cf1381a3b0e81bcaf268316a10706f231db6075d70ac7174f20172e6f6d9f0","nrows":100,"size":1786,"log_mode":"IMMUTABLE","_type":"table-file","artifact_path":"wandb-client-artifact://iuncoyraa0x7a8m7hkqc55p75egyzl1gnljq56ah0jcv4cjf65eht0c3yvdt09gcefs5m85vw6rv6wiy64ovuxa3qw2orhhlos1qdti174yh744jhybk52yndz7ut7iu/test/confusion_table.table.json"},"test/class_acc/1":0.9920704845814978,"valid/acc":0.9864501953125,"_runtime":120,"test/loss":0.3581892967224121,"misclassified_table":{"_type":"table-file","_latest_artifact_path":"wandb-client-artifact://cqs0q3i4wpbmw0rjupjyxvy9j1coguthw09itwjgyyn740bvn5lwfeoqx6z29ymjpj8crqgmhjv3dnwr8sd10s3sn8ko0fb0xdg4ogrl404vsfawnkvj0hcn4vdzfe6s:latest/misclassified_table.table.json","nrows":16,"sha256":"b83e9b0f139877499fe82f1f9e9d3becb7f6698a9c1663d804bb002dea7cb8f4","artifact_path":"wandb-client-artifact://3jc8kgras2oj9niqj3vpynxy8avwf12te8mcj89cy23i1wdfl54crc994jp9qj3ed8cf12eidpbtk1n0me8ebk3xzh4r1lxr0up804pvxuian855184ov17i0lsvjono/misclassified_table.table.json","log_mode":"IMMUTABLE","ncols":5,"size":4138,"path":"media/table/misclassified_table_21_b83e9b0f139877499fe8.table.json"},"valid/loss":0.3570137172937393,"test/class_acc/2":0.9903100775193798,"test/acc":0.98720703125,"_wandb":{"runtime":120},"misclassified_count":16,"_timestamp":1.7601170951736698e+09,"test/class_acc/3":0.9881188118811881,"test/class_acc/0":0.9928571428571429,"epoch":20,"misclassified_examples":{"height":28,"format":"png","count":16,"filenames":["media/images/misclassified_examples_21_3763737bfa58ec0cb541.png","media/images/misclassified_examples_21_65e8e5516cff47fc60da.png","media/images/misclassified_examples_21_71bb79d230ddbb78899e.png","media/images/misclassified_examples_21_ff6881cfc8cb62b7f0b8.png","media/images/misclassified_examples_21_471d0f7a6bc218bee337.png","media/images/misclassified_examples_21_bd9bcd5733506969396e.png","media/images/misclassified_examples_21_fc5a3e63fdbd4c975f16.png","media/images/misclassified_examples_21_abfb74ecf048388c5353.png","media/images/misclassified_examples_21_962fc0b59216d04eed6e.png","media/images/misclassified_examples_21_591ec516548fd253d4e6.png","media/images/misclassified_examples_21_35827f3671ea8354b08d.png","media/images/misclassified_examples_21_ae77d096eb98852d9a16.png","media/images/misclassified_examples_21_9ee5eb5cab92fe50ac97.png","media/images/misclassified_examples_21_4fda6b02ef25345b0bab.png","media/images/misclassified_examples_21_20b3cae0152f6d633777.png","media/images/misclassified_examples_21_7d0085ea5fc933d62fde.png"],"captions":["true=4 | pred=2 | conf=0.52","true=6 | pred=0 | conf=0.74","true=2 | pred=7 | conf=0.84","true=5 | pred=3 | conf=0.73","true=6 | pred=0 | conf=0.48","true=3 | pred=5 | conf=0.48","true=8 | pred=2 | conf=0.42","true=8 | pred=2 | conf=0.68","true=1 | pred=8 | conf=0.65","true=8 | pred=4 | conf=0.58","true=5 | pred=8 | conf=0.86","true=9 | pred=4 | conf=0.33","true=1 | pred=3 | conf=0.53","true=8 | pred=9 | conf=0.50","true=1 | pred=2 | conf=0.35","true=6 | pred=5 | conf=0.89"],"_type":"images/separated","width":28},"test/top3_acc":0.9979,"lr":1.6731968912807705e-07,"top3_acc":0.9979,"train/loss":0.4585651736341271}