{"valid/acc":0.9874267578125,"param_count":1466122,"test/loss":0.3417486988008022,"epoch":20,"best_valid_acc":0.9874267578125,"test/top3_acc":0.9994,"misclassified_count":16,"lr":1.2548976684605777e-07,"test/class_acc/9":0.9801783944499505,"train/grad_norm":0.01278180954293074,"train/loss":0.31484784784854625,"top3_acc":0.9994,"test/class_acc/1":0.9920704845814978,"test/confusion_table":{"sha256":"25b0cb57358b04a605ef811a5be79a3c0c47289eb8a7c636618163e942d037bc","_latest_artifact_path":"wandb-client-artifact://il0ihooai14hw1odez76shmomr620hebcaueyt7ik0etuvmqck3u51rnege8a2utzsibl12j08dd4vdw9u40zrwuuwh73rgcmg9zqnyukxm11uigl9wcz5xffr8l96ft:latest/test/confusion_table.table.json","nrows":100,"path":"media/table/test/confusion_table_20_25b0cb57358b04a605ef.table.json","_type":"table-file","log_mode":"IMMUTABLE","ncols":3,"artifact_path":"wandb-client-artifact://w0kmbjciawcjl9t0m1ahwlv3yxo71weswmzz0gzkhffpgiik8vtdlan6lsqymvvwh90gq6xzj11cyrieshfc6micok6qxhfuzy80b0l04mjple802z0h16bnhfbsqjtr/test/confusion_table.table.json","size":1787},"test/class_acc/5":0.984304932735426,"train/acc":0.9998276654411765,"test/class_acc/6":0.988517745302714,"test/class_acc/3":0.9900990099009901,"_runtime":120,"test/acc":0.98759765625,"test_acc":0.98759765625,"misclassified_table":{"log_mode":"IMMUTABLE","path":"media/table/misclassified_table_21_ab13eedf63f6766853a2.table.json","size":4133,"_type":"table-file","nrows":16,"ncols":5,"sha256":"ab13eedf63f6766853a209970c14cf2c4d8ce90afc4df72d631633dc1bbfb758","artifact_path":"wandb-client-artifact://obh7bu759vsnhrpf6ehbch55rlg1hedxvlya6j2ranh08fd1jbx0cf1d0jnjar9d5saby47a37isdohilc3fh219d2bkze01x03vwwagmppuc2cqgvw2i7aw4dnep2o7/misclassified_table.table.json","_latest_artifact_path":"wandb-client-artifact://d8ik6lbiqzu4geoj5ry1yo2ifs1j2fk6aag7aiolk37bj7yxp3bs5vuu1h7inwdnpogua56pth6kbe873r1u01mjyw7y6pceuznsehg3n8fkufnugrcqxn58a7ek8e3c:latest/misclassified_table.table.json"},"test/class_acc/2":0.9893410852713178,"test/class_acc/0":0.9918367346938776,"_timestamp":1.760112595924801e+09,"test/class_acc/4":0.9806517311608961,"_wandb":{"runtime":120},"_step":21,"test/class_acc/7":0.9863813229571985,"test/class_acc/8":0.9887063655030801,"valid/loss":0.3426926005631685,"misclassified_examples":{"format":"png","count":16,"filenames":["media/images/misclassified_examples_21_a3b7c835a247c79d22e0.png","media/images/misclassified_examples_21_c3e5d16d83f04eac5561.png","media/images/misclassified_examples_21_3763737bfa58ec0cb541.png","media/images/misclassified_examples_21_71bb79d230ddbb78899e.png","media/images/misclassified_examples_21_ff6881cfc8cb62b7f0b8.png","media/images/misclassified_examples_21_471d0f7a6bc218bee337.png","media/images/misclassified_examples_21_abfb74ecf048388c5353.png","media/images/misclassified_examples_21_962fc0b59216d04eed6e.png","media/images/misclassified_examples_21_c8e8bfe4d611ef5ebe49.png","media/images/misclassified_examples_21_35827f3671ea8354b08d.png","media/images/misclassified_examples_21_ae77d096eb98852d9a16.png","media/images/misclassified_examples_21_9ee5eb5cab92fe50ac97.png","media/images/misclassified_examples_21_20b3cae0152f6d633777.png","media/images/misclassified_examples_21_7d0085ea5fc933d62fde.png","media/images/misclassified_examples_21_2a120b6a8bc49974281e.png","media/images/misclassified_examples_21_6a99fe0a69d6a585771f.png"],"captions":["true=4 | pred=9 | conf=0.70","true=2 | pred=5 | conf=0.31","true=4 | pred=2 | conf=0.56","true=2 | pred=7 | conf=0.71","true=5 | pred=3 | conf=0.80","true=6 | pred=0 | conf=0.58","true=8 | pred=2 | conf=0.90","true=1 | pred=8 | conf=0.77","true=7 | pred=3 | conf=0.29","true=5 | pred=8 | conf=0.94","true=9 | pred=7 | conf=0.34","true=1 | pred=3 | conf=0.49","true=1 | pred=2 | conf=0.61","true=6 | pred=5 | conf=0.90","true=4 | pred=6 | conf=0.95","true=7 | pred=8 | conf=0.77"],"_type":"images/separated","width":28,"height":28}}