{"test/class_acc/9":0.981169474727453,"test/class_acc/1":0.9920704845814978,"epoch":20,"best_valid_acc":0.9888916015625,"train/grad_norm":0.016026120103311305,"valid/acc":0.98779296875,"test/confusion_table":{"path":"media/table/test/confusion_table_20_d655ebeb1855ec88945d.table.json","sha256":"d655ebeb1855ec88945d399b891a5c8475a7e5cffec6435a6689b151b2345588","artifact_path":"wandb-client-artifact://fvoz0pboakodxxf1x9ko1zvlv04byi300pibsc8kf7dmn04g8930s0rnxxihmxwzygofttgjc864acyf5olccwsexxlbfhzzseowiw9nzqyk8zsgfmqyor8jcl1pt2x6/test/confusion_table.table.json","_type":"table-file","ncols":3,"_latest_artifact_path":"wandb-client-artifact://z1sut7idc8m1gy7cancwocvsu63isi3q4dq75esley6u2x871sa4wk9kei8qjyqtqffhcndpewcs10yr66pwaakg5raxe0c5x8hd2qgbcr2cco3inl2tu2k8paggx2bl:latest/test/confusion_table.table.json","size":1786,"nrows":100,"log_mode":"IMMUTABLE"},"test/class_acc/5":0.9876681614349776,"misclassified_count":16,"_timestamp":1.760113393674863e+09,"test/class_acc/3":0.9900990099009901,"test/class_acc/4":0.9837067209775967,"test/acc":0.987890625,"misclassified_table":{"ncols":5,"_latest_artifact_path":"wandb-client-artifact://ly4qtsajmqa135s7gh7jtudyqsilpz3dx2k9i984j1nipuwgfbybc65em42reg1c0451ukrqdkfn4wadgs4sunw3of6ryxr8f0h2ebaf07m1sp8suyob1n9h6hwmm9zr:latest/misclassified_table.table.json","log_mode":"IMMUTABLE","path":"media/table/misclassified_table_21_30ca7ba82af1bd3d58fd.table.json","size":4145,"_type":"table-file","sha256":"30ca7ba82af1bd3d58fd6bc8cbd104589698453e16025031903fcfa16b5b2782","nrows":16,"artifact_path":"wandb-client-artifact://rfl4wu5m6w1ltdd40ekrpc8n7eayqja6lwhk8trr6aovd9dzrsdxkt8k3ugjarjf6snz9kcp2bl9n9uwxw8k9bmj22uxyewcstihlnavffi2vupkvsp478uz19576nqq/misclassified_table.table.json"},"_runtime":100,"lr":8.365984456403852e-08,"test/class_acc/7":0.9854085603112841,"test/class_acc/2":0.9874031007751938,"test/class_acc/0":0.9928571428571429,"test/class_acc/8":0.9866529774127311,"train/loss":0.31722581707963754,"_wandb":{"runtime":100},"test/top3_acc":0.9991,"misclassified_examples":{"count":16,"filenames":["media/images/misclassified_examples_21_a3b7c835a247c79d22e0.png","media/images/misclassified_examples_21_c3e5d16d83f04eac5561.png","media/images/misclassified_examples_21_3763737bfa58ec0cb541.png","media/images/misclassified_examples_21_71bb79d230ddbb78899e.png","media/images/misclassified_examples_21_ff6881cfc8cb62b7f0b8.png","media/images/misclassified_examples_21_471d0f7a6bc218bee337.png","media/images/misclassified_examples_21_1e50808e119c1efc0aa4.png","media/images/misclassified_examples_21_abfb74ecf048388c5353.png","media/images/misclassified_examples_21_35827f3671ea8354b08d.png","media/images/misclassified_examples_21_ae77d096eb98852d9a16.png","media/images/misclassified_examples_21_9ee5eb5cab92fe50ac97.png","media/images/misclassified_examples_21_4fda6b02ef25345b0bab.png","media/images/misclassified_examples_21_7d0085ea5fc933d62fde.png","media/images/misclassified_examples_21_84324b3758910a4cd0b3.png","media/images/misclassified_examples_21_2a120b6a8bc49974281e.png","media/images/misclassified_examples_21_6a99fe0a69d6a585771f.png"],"captions":["true=4 | pred=9 | conf=0.72","true=2 | pred=3 | conf=0.65","true=4 | pred=2 | conf=0.80","true=2 | pred=7 | conf=0.58","true=5 | pred=3 | conf=0.79","true=6 | pred=0 | conf=0.51","true=7 | pred=3 | conf=0.63","true=8 | pred=2 | conf=0.85","true=5 | pred=8 | conf=0.91","true=9 | pred=7 | conf=0.37","true=1 | pred=3 | conf=0.43","true=8 | pred=9 | conf=0.68","true=6 | pred=5 | conf=0.91","true=7 | pred=2 | conf=0.36","true=4 | pred=6 | conf=0.92","true=7 | pred=8 | conf=0.80"],"_type":"images/separated","width":28,"height":28,"format":"png"},"valid/loss":0.3423768663778901,"_step":21,"train/acc":0.9996553308823529,"test/loss":0.342954321205616,"top3_acc":0.9991,"param_count":1466122,"test_acc":0.987890625,"test/class_acc/6":0.988517745302714}