{"test/class_acc/5":0.9865470852017937,"test/loss":0.3566181011497974,"misclassified_count":16,"test/class_acc/4":0.984725050916497,"test/class_acc/7":0.9854085603112841,"test/class_acc/3":0.9881188118811881,"train/grad_norm":0.03481746302442808,"test/class_acc/0":0.9959183673469387,"test/class_acc/2":0.9874031007751938,"valid/acc":0.986328125,"test/class_acc/8":0.9835728952772074,"train/acc":0.9496139128104979,"_step":21,"test/confusion_table":{"nrows":100,"_type":"table-file","artifact_path":"wandb-client-artifact://9fel9fe85h1lmr4xq56j4siwi2hnq0xa30qb7prn7gnyftj79cj6bc6sh44q7n1phu8ydioy3a4cvuayf0vfflznf6kd53dmzxv6x22xyxuwcfd7buh2ydnvuiw7zkzl/test/confusion_table.table.json","log_mode":"IMMUTABLE","sha256":"8d0b537528702a53591a624d096600882b7749f2be0f6b1d9b6c7e3f3bb1d4e5","_latest_artifact_path":"wandb-client-artifact://ihkwk88jurxgu4ewncaf69791fdg3avqr9e12skmesodv9fku3d6co7bpthymei5c81zljx5ctce0kz6lbkca4bprrnw1eyqjm0lauld8k1fs2w7b59svgxk5oie6o9b:latest/test/confusion_table.table.json","ncols":3,"path":"media/table/test/confusion_table_20_8d0b537528702a53591a.table.json","size":1785},"train/loss":0.45762577565277324,"test/class_acc/6":0.9874739039665971,"misclassified_table":{"artifact_path":"wandb-client-artifact://l2vdp6vd9kdpu6413r0fpb88gl47cqcsyqy1vfyq990oo42hagj684nhkbn2qumixhqbk5nyz4kji6p72njf6ga9venkurs51lnj0wzwxs5cspfweqrnkvml9wxwhnz6/misclassified_table.table.json","log_mode":"IMMUTABLE","ncols":5,"nrows":16,"sha256":"ec30e48e382f4246ba85a4b1f656de0e51f8ee28335a3e5cb1801d9f086e8f74","_latest_artifact_path":"wandb-client-artifact://3q5ilou2pn9699xmivm5hsnyxjn5lthdiyuclm6u3839qrg7brwlwgs2jewj414fwl7lryzywityg7jl87k8uq0dah0m6uzmq5rd4ln7t4h5gvh59lkqk4ygerxk1bra:latest/misclassified_table.table.json","_type":"table-file","path":"media/table/misclassified_table_21_ec30e48e382f4246ba85.table.json","size":4138},"epoch":20,"test/class_acc/9":0.979187314172448,"_wandb":{"runtime":104},"param_count":1466122,"_runtime":104,"test/top3_acc":0.9983,"test_acc":0.98759765625,"_timestamp":1.760113505717385e+09,"top3_acc":0.9983,"valid/loss":0.35746993217617273,"test/class_acc/1":0.9938325991189427,"test/acc":0.98759765625,"lr":8.365984456403852e-08,"misclassified_examples":{"height":28,"format":"png","count":16,"filenames":["media/images/misclassified_examples_21_3763737bfa58ec0cb541.png","media/images/misclassified_examples_21_65e8e5516cff47fc60da.png","media/images/misclassified_examples_21_71bb79d230ddbb78899e.png","media/images/misclassified_examples_21_ff6881cfc8cb62b7f0b8.png","media/images/misclassified_examples_21_e534edda8484ec56c65a.png","media/images/misclassified_examples_21_471d0f7a6bc218bee337.png","media/images/misclassified_examples_21_fc5a3e63fdbd4c975f16.png","media/images/misclassified_examples_21_abfb74ecf048388c5353.png","media/images/misclassified_examples_21_591ec516548fd253d4e6.png","media/images/misclassified_examples_21_35827f3671ea8354b08d.png","media/images/misclassified_examples_21_4d4870c4c669362bfa95.png","media/images/misclassified_examples_21_ae77d096eb98852d9a16.png","media/images/misclassified_examples_21_9ee5eb5cab92fe50ac97.png","media/images/misclassified_examples_21_4fda6b02ef25345b0bab.png","media/images/misclassified_examples_21_20b3cae0152f6d633777.png","media/images/misclassified_examples_21_7d0085ea5fc933d62fde.png"],"captions":["true=4 | pred=6 | conf=0.48","true=6 | pred=0 | conf=0.79","true=2 | pred=7 | conf=0.76","true=5 | pred=3 | conf=0.64","true=3 | pred=7 | conf=0.67","true=6 | pred=0 | conf=0.47","true=8 | pred=2 | conf=0.44","true=8 | pred=2 | conf=0.70","true=8 | pred=4 | conf=0.46","true=5 | pred=8 | conf=0.81","true=4 | pred=9 | conf=0.51","true=9 | pred=7 | conf=0.32","true=1 | pred=3 | conf=0.44","true=8 | pred=9 | conf=0.60","true=1 | pred=2 | conf=0.35","true=6 | pred=5 | conf=0.88"],"_type":"images/separated","width":28},"best_valid_acc":0.98681640625}