{"_runtime":132,"train/loss":0.5326169629891714,"test/class_acc/4":0.9877800407331976,"test/class_acc/5":0.9865470852017937,"epoch":20,"valid/loss":0.37014160864055157,"test/acc":0.98759765625,"test/class_acc/2":0.9883720930232558,"best_valid_acc":0.9869384765625,"train/acc":0.9219841848880731,"test/top3_acc":0.9982,"misclassified_count":16,"test/class_acc/9":0.9732408325074331,"test/loss":0.3692109860479832,"train/grad_norm":0.037439738149188606,"test/class_acc/6":0.9843423799582464,"top3_acc":0.9982,"test/class_acc/3":0.9930693069306931,"misclassified_table":{"ncols":5,"size":4145,"_type":"table-file","sha256":"ad18d25f4e9ecf3b49d9104867ba3ffcf7223b093c3d15bcde01822fe620c7c6","nrows":16,"artifact_path":"wandb-client-artifact://rn0r1j1fwvy2qsm9geabz16vrhv252nlfzv62ffc5br6wmj51mz0hla1ukgqgr4juffrcpznalray3jra3xl3914nvfugo8deli9jynury7cd53v58phmsjix15k769b/misclassified_table.table.json","_latest_artifact_path":"wandb-client-artifact://75xypdey387oneqrabmgwf7j0q5fwcj5o5uoipdvha3w81jl6qilqlqg2l32qv2c35bmnvydvv4fo3y36yoclq9sibduwzuhmjnum8vr9r4h7vhpfaqp6epam1k9051o:latest/misclassified_table.table.json","path":"media/table/misclassified_table_21_ad18d25f4e9ecf3b49d9.table.json","log_mode":"IMMUTABLE"},"_step":21,"lr":8.365984456403852e-08,"_wandb":{"runtime":132},"param_count":1466122,"test/class_acc/7":0.9873540856031129,"valid/acc":0.9869384765625,"test/confusion_table":{"nrows":100,"size":1787,"_latest_artifact_path":"wandb-client-artifact://lqzvmdu0a0i2np2h2ppe7atrbli8zzj9lkqw2ug1fdo4k8apdtky18etjytxxu2cnyo2fgweiw6ba797bmb3jmhirrh4w0pi4zi5uez9jj80hfe9wlc149vc4738dvex:latest/test/confusion_table.table.json","path":"media/table/test/confusion_table_20_17d31153474d853ae882.table.json","sha256":"17d31153474d853ae8821dfb23894d1a90d4e732b978c7409924ad77f065658a","log_mode":"IMMUTABLE","artifact_path":"wandb-client-artifact://8yxny2mmery0myywaxa9yvr9ox57bw451i03sfcjreu8lbnxvugk3gtk3sf0shgz8tq6hx3w5w0fvrnvzu5f72l1czkeu48l8801tpg51w6kchkl7v5b3b0pfdejzs77/test/confusion_table.table.json","_type":"table-file","ncols":3},"_timestamp":1.7601112357172391e+09,"test/class_acc/1":0.9955947136563876,"test/class_acc/0":0.9948979591836735,"test/class_acc/8":0.9804928131416838,"test_acc":0.98759765625,"misclassified_examples":{"width":28,"height":28,"format":"png","count":16,"filenames":["media/images/misclassified_examples_21_3763737bfa58ec0cb541.png","media/images/misclassified_examples_21_65e8e5516cff47fc60da.png","media/images/misclassified_examples_21_71bb79d230ddbb78899e.png","media/images/misclassified_examples_21_ff6881cfc8cb62b7f0b8.png","media/images/misclassified_examples_21_471d0f7a6bc218bee337.png","media/images/misclassified_examples_21_fc5a3e63fdbd4c975f16.png","media/images/misclassified_examples_21_abfb74ecf048388c5353.png","media/images/misclassified_examples_21_35827f3671ea8354b08d.png","media/images/misclassified_examples_21_ae77d096eb98852d9a16.png","media/images/misclassified_examples_21_3841c2d2a08abdaccddf.png","media/images/misclassified_examples_21_4fda6b02ef25345b0bab.png","media/images/misclassified_examples_21_3327ccfe4065fa61657b.png","media/images/misclassified_examples_21_7d0085ea5fc933d62fde.png","media/images/misclassified_examples_21_6ad649ec99ad4f0981f1.png","media/images/misclassified_examples_21_9e33ec30dba6b680ac9d.png","media/images/misclassified_examples_21_2a120b6a8bc49974281e.png"],"captions":["true=4 | pred=2 | conf=0.46","true=6 | pred=0 | conf=0.62","true=2 | pred=7 | conf=0.72","true=5 | pred=3 | conf=0.63","true=6 | pred=0 | conf=0.69","true=8 | pred=2 | conf=0.50","true=8 | pred=2 | conf=0.74","true=5 | pred=8 | conf=0.64","true=9 | pred=4 | conf=0.40","true=3 | pred=5 | conf=0.59","true=8 | pred=9 | conf=0.62","true=6 | pred=5 | conf=0.34","true=6 | pred=5 | conf=0.84","true=2 | pred=3 | conf=0.50","true=8 | pred=2 | conf=0.38","true=4 | pred=6 | conf=0.68"],"_type":"images/separated"}}