{"top3_acc":0.9992,"best_valid_acc":0.987060546875,"test_acc":0.98798828125,"_wandb":{"runtime":119},"test/class_acc/9":0.979187314172448,"train/grad_norm":0.014636555067993993,"test/loss":0.3414590410888195,"misclassified_examples":{"width":28,"height":28,"format":"png","count":16,"filenames":["media/images/misclassified_examples_21_a3b7c835a247c79d22e0.png","media/images/misclassified_examples_21_3763737bfa58ec0cb541.png","media/images/misclassified_examples_21_71bb79d230ddbb78899e.png","media/images/misclassified_examples_21_ff6881cfc8cb62b7f0b8.png","media/images/misclassified_examples_21_471d0f7a6bc218bee337.png","media/images/misclassified_examples_21_fc5a3e63fdbd4c975f16.png","media/images/misclassified_examples_21_1e50808e119c1efc0aa4.png","media/images/misclassified_examples_21_abfb74ecf048388c5353.png","media/images/misclassified_examples_21_962fc0b59216d04eed6e.png","media/images/misclassified_examples_21_ee9cc0c10fa7e87c8b6a.png","media/images/misclassified_examples_21_35827f3671ea8354b08d.png","media/images/misclassified_examples_21_ae77d096eb98852d9a16.png","media/images/misclassified_examples_21_4fda6b02ef25345b0bab.png","media/images/misclassified_examples_21_7d0085ea5fc933d62fde.png","media/images/misclassified_examples_21_84324b3758910a4cd0b3.png","media/images/misclassified_examples_21_2a120b6a8bc49974281e.png"],"captions":["true=4 | pred=9 | conf=0.64","true=4 | pred=2 | conf=0.71","true=2 | pred=7 | conf=0.50","true=5 | pred=3 | conf=0.80","true=6 | pred=0 | conf=0.44","true=8 | pred=2 | conf=0.44","true=7 | pred=3 | conf=0.52","true=8 | pred=2 | conf=0.87","true=1 | pred=8 | conf=0.62","true=2 | pred=1 | conf=0.49","true=5 | pred=8 | conf=0.91","true=9 | pred=7 | conf=0.54","true=8 | pred=9 | conf=0.67","true=6 | pred=5 | conf=0.76","true=7 | pred=2 | conf=0.41","true=4 | pred=6 | conf=0.92"],"_type":"images/separated"},"test/class_acc/2":0.9883720930232558,"test/class_acc/0":0.9928571428571429,"_runtime":119,"_timestamp":1.7601137655913181e+09,"train/loss":0.31675927720817865,"test/class_acc/3":0.9881188118811881,"train/acc":0.9995787377450981,"test/class_acc/6":0.9916492693110647,"test/top3_acc":0.9992,"test/confusion_table":{"ncols":3,"path":"media/table/test/confusion_table_20_955b109eb2131be50e8c.table.json","_type":"table-file","sha256":"955b109eb2131be50e8cbb60c2dafba3b46c69430c1e869f3c59fec068e82b5f","artifact_path":"wandb-client-artifact://dky9y936df1d7picpyktldkdvjic1tz9ltt3xkwc081y8wc7qf3rwkpjkw1uyf8v5x1cb1kmumrvvcffenq3255cx97emllm11w5tj5ij9bejlrcjw3rcbh6icrgqzn0/test/confusion_table.table.json","log_mode":"IMMUTABLE","_latest_artifact_path":"wandb-client-artifact://fnuifit7fx0faivugibke6ttierqkhjoc4voh1jh372wt91v7zjnusvj1vueyvbd3226txlks56arhj2iznb1tzlfgptnzeid7ddt50ncd9jj1lrg31yel17m5o8le9r:latest/test/confusion_table.table.json","nrows":100,"size":1785},"test/class_acc/5":0.9831838565022422,"test/class_acc/4":0.9837067209775967,"lr":1.2548976684605777e-07,"epoch":20,"valid/loss":0.3439250225201249,"test/class_acc/7":0.9873540856031129,"test/acc":0.98798828125,"test/class_acc/1":0.9938325991189427,"misclassified_table":{"_type":"table-file","_latest_artifact_path":"wandb-client-artifact://blknq5at5x97ckklljyb8xn3kvwhl3tw9qe6y4c3mzlr5r7oqnog5qouf5d3o0n4jcxuvn53wjxdkl1zfrl6n2a9vw6epowlzlrfykijeq24pk6g1b9y14z2k1imi7sy:latest/misclassified_table.table.json","sha256":"8245d5c5ff733b8cc2213e85f8d2e6d67e60cfe9f56dae22f57bfd74be64500a","artifact_path":"wandb-client-artifact://p2ctnqso8j8dllxpdwp6mlw2udj7xrktkmywt2ire2yp6fxosbghna2ox1y6ns7ejfk9zs4isg149ir76f2hk7agq8e3ux1a4r3ttvxu0tamfbnsx5tchfhw14b5w5wr/misclassified_table.table.json","size":4140,"ncols":5,"nrows":16,"log_mode":"IMMUTABLE","path":"media/table/misclassified_table_21_8245d5c5ff733b8cc221.table.json"},"misclassified_count":16,"param_count":1466122,"_step":21,"test/class_acc/8":0.9876796714579056,"valid/acc":0.987060546875}