{"test/acc":0.9880859375,"test/class_acc/9":0.9762140733399405,"best_valid_acc":0.9862060546875,"misclassified_count":16,"param_count":1466122,"test/class_acc/6":0.9874739039665971,"_timestamp":1.7601123231488152e+09,"test/class_acc/7":0.9883268482490273,"top3_acc":0.9978,"test/class_acc/2":0.9883720930232558,"lr":8.365984456403852e-08,"train/grad_norm":0.03236138795995537,"misclassified_table":{"log_mode":"IMMUTABLE","_latest_artifact_path":"wandb-client-artifact://xldc1iupr3di4e6r8l64yq195thvs74ymqu3tnujadnj16g3iqrco05a5bqp0pk7wu6zyx3uch79rih5ifc3u9js410wkm3eyrht0r54cf783mapjlxgiaap5sgevggt:latest/misclassified_table.table.json","nrows":16,"artifact_path":"wandb-client-artifact://qk041nrupyv5lecxo5kg23vg40zx07wj4asvbi66c5foxwv3mly86pimmz9aia9b1pqe8bqxg018lzfm2cegd2nft20am6mexsbk5ccwx6e41qjjhxqzt67fl9256nkv/misclassified_table.table.json","ncols":5,"sha256":"92ac020eea24f75add04325473455667d0fea8086bcdfc3e6f8ee9e5aea41bbc","path":"media/table/misclassified_table_21_92ac020eea24f75add04.table.json","_type":"table-file","size":4134},"test/class_acc/5":0.9876681614349776,"test_acc":0.9880859375,"test/class_acc/4":0.9877800407331976,"valid/acc":0.9859619140625,"test/loss":0.35763443186879157,"test/class_acc/1":0.9929515418502203,"test/confusion_table":{"log_mode":"IMMUTABLE","artifact_path":"wandb-client-artifact://61t1pn9tq0u7e905kgdqqilobnmdf1ljfnejorkndxx1r54590kv2v23wm24hb0t2bhq4eula8w1ij8c7nn8dr6i8up1l29hupo27f3u5lyy6ec0uprrkiw7cbivzb7j/test/confusion_table.table.json","_type":"table-file","_latest_artifact_path":"wandb-client-artifact://r7j25o812c7dm3g82qpjk4tleax58806deu3bq2yslr3941fnqthxog2k3dc5u12w4iqnc07srwpdodrvkq7fnn2txyoht5d9pki2u83wqflansutnf67yiiuv22w6dp:latest/test/confusion_table.table.json","size":1787,"sha256":"648ee91cd4176bf5d39b52591cc90410f81bb03118e6d940c8fac0c2082018d5","ncols":3,"path":"media/table/test/confusion_table_20_648ee91cd4176bf5d39b.table.json","nrows":100},"_wandb":{"runtime":122},"test/class_acc/3":0.9900990099009901,"epoch":20,"misclassified_examples":{"height":28,"format":"png","count":16,"filenames":["media/images/misclassified_examples_21_3763737bfa58ec0cb541.png","media/images/misclassified_examples_21_65e8e5516cff47fc60da.png","media/images/misclassified_examples_21_71bb79d230ddbb78899e.png","media/images/misclassified_examples_21_ff6881cfc8cb62b7f0b8.png","media/images/misclassified_examples_21_e534edda8484ec56c65a.png","media/images/misclassified_examples_21_471d0f7a6bc218bee337.png","media/images/misclassified_examples_21_fc5a3e63fdbd4c975f16.png","media/images/misclassified_examples_21_abfb74ecf048388c5353.png","media/images/misclassified_examples_21_962fc0b59216d04eed6e.png","media/images/misclassified_examples_21_591ec516548fd253d4e6.png","media/images/misclassified_examples_21_35827f3671ea8354b08d.png","media/images/misclassified_examples_21_9ee5eb5cab92fe50ac97.png","media/images/misclassified_examples_21_4fda6b02ef25345b0bab.png","media/images/misclassified_examples_21_20b3cae0152f6d633777.png","media/images/misclassified_examples_21_7d0085ea5fc933d62fde.png","media/images/misclassified_examples_21_2a120b6a8bc49974281e.png"],"captions":["true=4 | pred=2 | conf=0.52","true=6 | pred=0 | conf=0.68","true=2 | pred=7 | conf=0.64","true=5 | pred=3 | conf=0.70","true=3 | pred=7 | conf=0.63","true=6 | pred=0 | conf=0.38","true=8 | pred=2 | conf=0.39","true=8 | pred=2 | conf=0.73","true=1 | pred=8 | conf=0.38","true=8 | pred=4 | conf=0.55","true=5 | pred=8 | conf=0.88","true=1 | pred=3 | conf=0.47","true=8 | pred=9 | conf=0.68","true=1 | pred=2 | conf=0.40","true=6 | pred=5 | conf=0.87","true=4 | pred=6 | conf=0.83"],"_type":"images/separated","width":28},"test/top3_acc":0.9978,"_step":21,"_runtime":122,"valid/loss":0.3582762638106942,"train/loss":0.4525662160971585,"test/class_acc/8":0.9835728952772074,"test/class_acc/0":0.9948979591836735,"train/acc":0.9494642728539213}