{"_step":21,"test/class_acc/1":0.9947136563876652,"test/class_acc/7":0.9854085603112841,"misclassified_table":{"artifact_path":"wandb-client-artifact://dhcnfdw7n7kasb055ey7icwbi46f30q7nbqlccjtosrmoepg1ugrenzkxbrnd1ig769t71j30xyw592mjvpogvlx3w4dbqmdhy7eb7ib95cpa7c7sxgx6nhh0zk6riee/misclassified_table.table.json","sha256":"90a8a5e609becb475a65005d8c4af9e59157f0cc65ace5812b4af10484dd519d","_latest_artifact_path":"wandb-client-artifact://y1vfq9bpkf0znb6bcghbmh9z5se3ff0ykrntnm8yb7nlp0lz8zlt0j4cjainfmr0iqd4135lto8rx8mwy5d7hgy1erg9p3n556duaejurk7jdyf7p3jqaycw4im6o220:latest/misclassified_table.table.json","ncols":5,"log_mode":"IMMUTABLE","path":"media/table/misclassified_table_21_90a8a5e609becb475a65.table.json","_type":"table-file","nrows":16,"size":4132},"_runtime":137,"test/class_acc/6":0.9843423799582464,"lr":1.2548976684605777e-07,"test/class_acc/4":0.9867617107942973,"test/class_acc/8":0.9804928131416838,"test/class_acc/2":0.9893410852713178,"train/loss":0.5323974322162423,"test/acc":0.98759765625,"best_valid_acc":0.9866943359375,"train/acc":0.9215802541416024,"test_acc":0.98759765625,"_timestamp":1.7601116639569411e+09,"test/class_acc/3":0.994059405940594,"test/class_acc/5":0.9876681614349776,"_wandb":{"runtime":137},"misclassified_examples":{"captions":["true=2 | pred=5 | conf=0.44","true=4 | pred=2 | conf=0.59","true=6 | pred=0 | conf=0.55","true=2 | pred=7 | conf=0.47","true=5 | pred=3 | conf=0.53","true=6 | pred=0 | conf=0.74","true=8 | pred=2 | conf=0.50","true=8 | pred=2 | conf=0.68","true=1 | pred=8 | conf=0.44","true=8 | pred=4 | conf=0.42","true=5 | pred=8 | conf=0.64","true=9 | pred=4 | conf=0.34","true=1 | pred=3 | conf=0.50","true=8 | pred=9 | conf=0.49","true=6 | pred=0 | conf=0.33","true=6 | pred=5 | conf=0.84"],"_type":"images/separated","width":28,"height":28,"format":"png","count":16,"filenames":["media/images/misclassified_examples_21_c3e5d16d83f04eac5561.png","media/images/misclassified_examples_21_3763737bfa58ec0cb541.png","media/images/misclassified_examples_21_65e8e5516cff47fc60da.png","media/images/misclassified_examples_21_71bb79d230ddbb78899e.png","media/images/misclassified_examples_21_ff6881cfc8cb62b7f0b8.png","media/images/misclassified_examples_21_471d0f7a6bc218bee337.png","media/images/misclassified_examples_21_fc5a3e63fdbd4c975f16.png","media/images/misclassified_examples_21_abfb74ecf048388c5353.png","media/images/misclassified_examples_21_962fc0b59216d04eed6e.png","media/images/misclassified_examples_21_591ec516548fd253d4e6.png","media/images/misclassified_examples_21_35827f3671ea8354b08d.png","media/images/misclassified_examples_21_ae77d096eb98852d9a16.png","media/images/misclassified_examples_21_9ee5eb5cab92fe50ac97.png","media/images/misclassified_examples_21_4fda6b02ef25345b0bab.png","media/images/misclassified_examples_21_3327ccfe4065fa61657b.png","media/images/misclassified_examples_21_7d0085ea5fc933d62fde.png"]},"test/class_acc/0":0.9948979591836735,"train/grad_norm":0.03495561885738782,"top3_acc":0.9981,"epoch":20,"test/confusion_table":{"sha256":"b5ff6ab1583ab53a1c00ede97f6356eb699513589c33b635278bb13744ad6ab3","_type":"table-file","path":"media/table/test/confusion_table_20_b5ff6ab1583ab53a1c00.table.json","size":1787,"artifact_path":"wandb-client-artifact://bba38ojhteaww1uqvxjd8q62murb7blgxl32a4lom9x15bm3symxpape33dr401mbb2w8ljpcirx7tavz2vcc3t2mbvewr6efuix3kwq32sa8njeo99dta5vmql2cxer/test/confusion_table.table.json","log_mode":"IMMUTABLE","ncols":3,"nrows":100,"_latest_artifact_path":"wandb-client-artifact://xynvdec11ws5nscik08syxv0n756ydpvazclx56jrcm8gzjx5ulbhniz7cc0uryl90m3dakk9ddjs710xq4m2l2ghm6swevcb7p9vmzeg23rgqm7y7okv4k3e3bwl3yw:latest/test/confusion_table.table.json"},"valid/loss":0.3701971862465143,"misclassified_count":16,"test/class_acc/9":0.9742319127849356,"param_count":1466122,"test/loss":0.3696194186806679,"test/top3_acc":0.9981,"valid/acc":0.9866943359375}