{"test/class_acc/6":0.9916492693110647,"valid/loss":0.34343206230551004,"test/class_acc/2":0.9903100775193798,"test/class_acc/1":0.9929515418502203,"misclassified_count":16,"valid/acc":0.986572265625,"_timestamp":1.76011096782805e+09,"top3_acc":0.999,"train/acc":0.9998659620098039,"_step":21,"test/confusion_table":{"path":"media/table/test/confusion_table_20_2d8e689a837e4a550852.table.json","nrows":100,"sha256":"2d8e689a837e4a55085214e2322b7403590e4ab5ebd28277418699b5b7d69e36","artifact_path":"wandb-client-artifact://7fo6pjzzailejx5g4fnu0wjfgvrhlctuh95q8nv9iiq76c07u18i0fc70tuibv1urexaifu4n73ut0cuendskyawu585wxs7g242hv5bq8gigqfc8t5lz9gr3z8906h3/test/confusion_table.table.json","ncols":3,"log_mode":"IMMUTABLE","_type":"table-file","_latest_artifact_path":"wandb-client-artifact://r29wfdegspb25d09xxi4wqw17lk25wsgw9ns8t029rz7o1neret0onyck6erntbdnmuaxv3vf5xo6hanpqgw6cjqc6v73fy307wgjokiq9aombxeg1tryzd26aasedxn:latest/test/confusion_table.table.json","size":1785},"train/grad_norm":0.012881077764391461,"_runtime":100,"test/class_acc/4":0.9837067209775967,"test/class_acc/5":0.9887892376681614,"test/class_acc/0":0.9918367346938776,"lr":8.365984456403852e-08,"test/class_acc/8":0.9856262833675564,"_wandb":{"runtime":100},"test/acc":0.9884765625,"test/loss":0.34027040675282477,"test_acc":0.9884765625,"epoch":20,"test/top3_acc":0.999,"misclassified_examples":{"count":16,"filenames":["media/images/misclassified_examples_21_3763737bfa58ec0cb541.png","media/images/misclassified_examples_21_65e8e5516cff47fc60da.png","media/images/misclassified_examples_21_71bb79d230ddbb78899e.png","media/images/misclassified_examples_21_ff6881cfc8cb62b7f0b8.png","media/images/misclassified_examples_21_bd9bcd5733506969396e.png","media/images/misclassified_examples_21_abfb74ecf048388c5353.png","media/images/misclassified_examples_21_962fc0b59216d04eed6e.png","media/images/misclassified_examples_21_057355605dd6ac291dea.png","media/images/misclassified_examples_21_591ec516548fd253d4e6.png","media/images/misclassified_examples_21_35827f3671ea8354b08d.png","media/images/misclassified_examples_21_ae77d096eb98852d9a16.png","media/images/misclassified_examples_21_9ee5eb5cab92fe50ac97.png","media/images/misclassified_examples_21_4fda6b02ef25345b0bab.png","media/images/misclassified_examples_21_20b3cae0152f6d633777.png","media/images/misclassified_examples_21_7d0085ea5fc933d62fde.png","media/images/misclassified_examples_21_84324b3758910a4cd0b3.png"],"captions":["true=4 | pred=6 | conf=0.48","true=6 | pred=0 | conf=0.63","true=2 | pred=7 | conf=0.68","true=5 | pred=3 | conf=0.84","true=3 | pred=5 | conf=0.54","true=8 | pred=2 | conf=0.92","true=1 | pred=8 | conf=0.60","true=2 | pred=6 | conf=0.45","true=8 | pred=4 | conf=0.51","true=5 | pred=8 | conf=0.95","true=9 | pred=7 | conf=0.38","true=1 | pred=3 | conf=0.54","true=8 | pred=9 | conf=0.72","true=1 | pred=2 | conf=0.41","true=6 | pred=5 | conf=0.75","true=7 | pred=2 | conf=0.38"],"_type":"images/separated","width":28,"height":28,"format":"png"},"param_count":1466122,"test/class_acc/9":0.9821605550049554,"test/class_acc/3":0.9871287128712871,"misclassified_table":{"path":"media/table/misclassified_table_21_0e96cebb7915d9db613c.table.json","ncols":5,"_latest_artifact_path":"wandb-client-artifact://nqsa4iojvoihf38kcn5rm0lb86e57exivdyu7nv89sh70pz1v6z11qi535pj8xaee2uybfzye1uup6iv8hwbmxxqysfctnrbmq2k3lnjtg1w6z3hgdomkgpn5x33hd7a:latest/misclassified_table.table.json","artifact_path":"wandb-client-artifact://u5pfvwv34jt5r6q3ik3ebehjs4odw9jb30b39697o8v6ev1zjrtxix07xz4n81hpciacsggjbpx16pxdx4jug4dl05l2smxveexs9z2fq96uwca07u38atfwym14v7da/misclassified_table.table.json","_type":"table-file","sha256":"0e96cebb7915d9db613c172f61f61a0a20ef1052a98b2d4874d62bd822ebce52","log_mode":"IMMUTABLE","nrows":16,"size":4137},"best_valid_acc":0.986572265625,"train/loss":0.3138076075736214,"test/class_acc/7":0.9873540856031129}