{"_timestamp":1.760113637840789e+09,"test/class_acc/3":0.9900990099009901,"best_valid_acc":0.985595703125,"test/class_acc/0":0.9938775510204082,"test/top3_acc":0.9981,"train/acc":0.9211444270503163,"test/acc":0.987109375,"train/loss":0.5441523771367821,"test/class_acc/5":0.9865470852017937,"param_count":1466122,"epoch":20,"lr":8.365984456403852e-08,"_runtime":122,"misclassified_table":{"sha256":"06898bc6e677315065eee516713cb66fe72f4235538d5dbd9ced1f3790881a68","_type":"table-file","log_mode":"IMMUTABLE","_latest_artifact_path":"wandb-client-artifact://ssaz0ip4f3rlw9scb1s0299azrdnwrv8mu6h7y959vprr7ewnzcg7uvzqja02a0w2lg89hqyb6ppvpvvgjrpn8qv82jes9jc52jbts3i1ru1hblti2qlh0t48ort540t:latest/misclassified_table.table.json","artifact_path":"wandb-client-artifact://9ylzgzo0zhc3usz1cj89b3rkdzk91mjspqzeqymqrmvm1rms8tlmvgt2jwmymohpcuy2tgvomzpuxutvkikgyak3e2yi1y8avg07sp84z6m2chyw8o47lglvnm3e4zqv/misclassified_table.table.json","ncols":5,"nrows":16,"path":"media/table/misclassified_table_21_06898bc6e677315065ee.table.json","size":4147},"valid/loss":0.3687797039747238,"test/confusion_table":{"sha256":"2b858775357b622aa8938ab30d67609102aa7addceb2ef42266fd63ffcc8913e","path":"media/table/test/confusion_table_20_2b858775357b622aa893.table.json","_type":"table-file","ncols":3,"_latest_artifact_path":"wandb-client-artifact://3q3ur5uweaat6z0z3bdkl3abqb08tkj6bvo1cnflo4ujbzb3l4xc4uz75o0f8essfbsoweshh3jhacnyw5vphjmzk7baray0isdl0rd2h4ifs762a985zwk4f7guke7j:latest/test/confusion_table.table.json","nrows":100,"size":1787,"log_mode":"IMMUTABLE","artifact_path":"wandb-client-artifact://frrfvh8axtkfkap9tkii7faii9uj2oj16dmx32wbhufkxrajzgo44zgxoe3vsjnyx1b6xglpo1vxo3hr6tqjxo7a09ulhclfmem36k1a9nokzgv4yhp078pjwh9e8hsp/test/confusion_table.table.json"},"valid/acc":0.985595703125,"test/class_acc/8":0.9794661190965093,"misclassified_count":16,"_wandb":{"runtime":122},"test/class_acc/2":0.9912790697674418,"top3_acc":0.9981,"test/class_acc/6":0.9853862212943633,"test/class_acc/7":0.9844357976653697,"test/class_acc/1":0.9947136563876652,"_step":21,"train/grad_norm":0.04291168722671037,"test/loss":0.36721807196736334,"test_acc":0.987109375,"test/class_acc/9":0.9732408325074331,"misclassified_examples":{"_type":"images/separated","width":28,"height":28,"format":"png","count":16,"filenames":["media/images/misclassified_examples_21_3763737bfa58ec0cb541.png","media/images/misclassified_examples_21_65e8e5516cff47fc60da.png","media/images/misclassified_examples_21_71bb79d230ddbb78899e.png","media/images/misclassified_examples_21_ff6881cfc8cb62b7f0b8.png","media/images/misclassified_examples_21_471d0f7a6bc218bee337.png","media/images/misclassified_examples_21_fc5a3e63fdbd4c975f16.png","media/images/misclassified_examples_21_abfb74ecf048388c5353.png","media/images/misclassified_examples_21_962fc0b59216d04eed6e.png","media/images/misclassified_examples_21_35827f3671ea8354b08d.png","media/images/misclassified_examples_21_ae77d096eb98852d9a16.png","media/images/misclassified_examples_21_9ee5eb5cab92fe50ac97.png","media/images/misclassified_examples_21_4fda6b02ef25345b0bab.png","media/images/misclassified_examples_21_7d0085ea5fc933d62fde.png","media/images/misclassified_examples_21_9e33ec30dba6b680ac9d.png","media/images/misclassified_examples_21_2a120b6a8bc49974281e.png","media/images/misclassified_examples_21_f95e46c871eeed86d471.png"],"captions":["true=4 | pred=2 | conf=0.43","true=6 | pred=0 | conf=0.43","true=2 | pred=7 | conf=0.55","true=5 | pred=3 | conf=0.57","true=6 | pred=0 | conf=0.76","true=8 | pred=2 | conf=0.51","true=8 | pred=2 | conf=0.72","true=1 | pred=8 | conf=0.44","true=5 | pred=8 | conf=0.70","true=9 | pred=7 | conf=0.34","true=1 | pred=3 | conf=0.60","true=8 | pred=9 | conf=0.49","true=6 | pred=5 | conf=0.88","true=8 | pred=2 | conf=0.43","true=4 | pred=6 | conf=0.79","true=7 | pred=2 | conf=0.88"]},"test/class_acc/4":0.9877800407331976}