{"_runtime":131,"train/grad_norm":0.02982487116812491,"param_count":1466122,"test/loss":0.35731143355369566,"test/top3_acc":0.9981,"epoch":20,"train/loss":0.4535349867507523,"test/class_acc/3":0.9871287128712871,"test_acc":0.9873046875,"test/confusion_table":{"_latest_artifact_path":"wandb-client-artifact://zucr5nv6axit2ydprgfg9pvbdlq4dz1drg8uoeqip90wjuslhdpus27gu4t4hxxhx6siha0obeo6v64ima7f56jbuh06uu4sins0aomq8uiaqn0k1ojxg4f3ykhu263t:latest/test/confusion_table.table.json","nrows":100,"_type":"table-file","log_mode":"IMMUTABLE","artifact_path":"wandb-client-artifact://qwi9q0ymko6qztad2lp5z7q5o9phanpdtla7dc99p32gu3m62htbe5m3x6uhiwa40d64t0la7mjxkxd0jktkrpgjjrlfgw2kmioz4nrpe5gv5jv0ztsp9lnkpe5fwmr2/test/confusion_table.table.json","size":1786,"ncols":3,"path":"media/table/test/confusion_table_20_e6d61909f4975463217e.table.json","sha256":"e6d61909f4975463217e1a0764ff92f95c02d08763e1289b974d44634315b7b5"},"best_valid_acc":0.9869384765625,"test/class_acc/8":0.9815195071868583,"lr":1.6731968912807705e-07,"test/class_acc/9":0.977205153617443,"misclassified_table":{"sha256":"f46611ebe4be75ffe9c78f8dfb243f2083bbd1395cd0b7eb9b2bb00df191d4b0","log_mode":"IMMUTABLE","size":4146,"_type":"table-file","path":"media/table/misclassified_table_21_f46611ebe4be75ffe9c7.table.json","nrows":16,"artifact_path":"wandb-client-artifact://jrgla2g282tyedf388mwbfgycu7gu8y6wt4hja51ql0c3ppihcqjh6bmoosco7mwvd5t18o6oz1zd7ytla2sivdi3qqdumuie2d7tlumn4jt0fg5lhtkxwg34cz6rifm/misclassified_table.table.json","_latest_artifact_path":"wandb-client-artifact://6jz5v6p8a4s100io40ejcrvo32a8ttbxcofxqw9z59qem4e8z40fftyh8y1z6jub7l5xq619zl1jjkdaq7kaivanr4t8mdoua1srj0er3c6iid2el8ca1fsd6vjabvzb:latest/misclassified_table.table.json","ncols":5},"top3_acc":0.9981,"test/class_acc/7":0.9863813229571985,"valid/acc":0.986328125,"_wandb":{"runtime":131},"misclassified_count":16,"test/class_acc/5":0.9865470852017937,"_step":21,"test/class_acc/4":0.9877800407331976,"train/acc":0.949475736165363,"test/class_acc/0":0.9948979591836735,"valid/loss":0.357971322722733,"misclassified_examples":{"count":16,"filenames":["media/images/misclassified_examples_21_3763737bfa58ec0cb541.png","media/images/misclassified_examples_21_65e8e5516cff47fc60da.png","media/images/misclassified_examples_21_71bb79d230ddbb78899e.png","media/images/misclassified_examples_21_ff6881cfc8cb62b7f0b8.png","media/images/misclassified_examples_21_e534edda8484ec56c65a.png","media/images/misclassified_examples_21_471d0f7a6bc218bee337.png","media/images/misclassified_examples_21_bd9bcd5733506969396e.png","media/images/misclassified_examples_21_fc5a3e63fdbd4c975f16.png","media/images/misclassified_examples_21_abfb74ecf048388c5353.png","media/images/misclassified_examples_21_591ec516548fd253d4e6.png","media/images/misclassified_examples_21_35827f3671ea8354b08d.png","media/images/misclassified_examples_21_6db847c84c5fcd6cd657.png","media/images/misclassified_examples_21_ae77d096eb98852d9a16.png","media/images/misclassified_examples_21_9ee5eb5cab92fe50ac97.png","media/images/misclassified_examples_21_20b3cae0152f6d633777.png","media/images/misclassified_examples_21_7d0085ea5fc933d62fde.png"],"captions":["true=4 | pred=6 | conf=0.48","true=6 | pred=0 | conf=0.62","true=2 | pred=7 | conf=0.60","true=5 | pred=3 | conf=0.57","true=3 | pred=7 | conf=0.56","true=6 | pred=0 | conf=0.46","true=3 | pred=5 | conf=0.49","true=8 | pred=2 | conf=0.61","true=8 | pred=2 | conf=0.73","true=8 | pred=4 | conf=0.53","true=5 | pred=8 | conf=0.85","true=8 | pred=7 | conf=0.46","true=9 | pred=7 | conf=0.46","true=1 | pred=3 | conf=0.54","true=1 | pred=2 | conf=0.30","true=6 | pred=5 | conf=0.88"],"_type":"images/separated","width":28,"height":28,"format":"png"},"test/acc":0.9873046875,"_timestamp":1.760113139199981e+09,"test/class_acc/1":0.9920704845814978,"test/class_acc/6":0.9864300626304802,"test/class_acc/2":0.9893410852713178}