{"valid/loss":0.34345419611781836,"lr":1.6731968912807705e-07,"best_valid_acc":0.98779296875,"misclassified_examples":{"count":16,"filenames":["media/images/misclassified_examples_21_a3b7c835a247c79d22e0.png","media/images/misclassified_examples_21_c3e5d16d83f04eac5561.png","media/images/misclassified_examples_21_3763737bfa58ec0cb541.png","media/images/misclassified_examples_21_71bb79d230ddbb78899e.png","media/images/misclassified_examples_21_ff6881cfc8cb62b7f0b8.png","media/images/misclassified_examples_21_471d0f7a6bc218bee337.png","media/images/misclassified_examples_21_abfb74ecf048388c5353.png","media/images/misclassified_examples_21_962fc0b59216d04eed6e.png","media/images/misclassified_examples_21_ee9cc0c10fa7e87c8b6a.png","media/images/misclassified_examples_21_c8e8bfe4d611ef5ebe49.png","media/images/misclassified_examples_21_35827f3671ea8354b08d.png","media/images/misclassified_examples_21_ae77d096eb98852d9a16.png","media/images/misclassified_examples_21_20b3cae0152f6d633777.png","media/images/misclassified_examples_21_7d0085ea5fc933d62fde.png","media/images/misclassified_examples_21_84324b3758910a4cd0b3.png","media/images/misclassified_examples_21_2a120b6a8bc49974281e.png"],"captions":["true=4 | pred=9 | conf=0.80","true=2 | pred=3 | conf=0.49","true=4 | pred=6 | conf=0.43","true=2 | pred=7 | conf=0.79","true=5 | pred=3 | conf=0.90","true=6 | pred=0 | conf=0.52","true=8 | pred=2 | conf=0.91","true=1 | pred=8 | conf=0.44","true=2 | pred=1 | conf=0.42","true=7 | pred=3 | conf=0.61","true=5 | pred=8 | conf=0.87","true=9 | pred=7 | conf=0.44","true=1 | pred=2 | conf=0.57","true=6 | pred=5 | conf=0.91","true=7 | pred=2 | conf=0.46","true=4 | pred=6 | conf=0.96"],"_type":"images/separated","width":28,"height":28,"format":"png"},"test/class_acc/3":0.9900990099009901,"train/loss":0.316963066803474,"_wandb":{"runtime":114},"valid/acc":0.98779296875,"_timestamp":1.760116965914051e+09,"test/class_acc/2":0.9883720930232558,"test/class_acc/8":0.9856262833675564,"test/class_acc/6":0.9895615866388309,"_step":21,"test/class_acc/5":0.9865470852017937,"test/acc":0.98779296875,"test/class_acc/1":0.9929515418502203,"train/acc":0.9996361825980392,"test/class_acc/0":0.9948979591836735,"param_count":1466122,"_runtime":114,"misclassified_count":16,"misclassified_table":{"_latest_artifact_path":"wandb-client-artifact://9gm3qbxmr0zmpy88zxj57sbl83ktdy34fyexlfqlu3h2hu2nbsgjby867u8181io2f2fg6dndz1k3ivwux0ost9sz9mv3teldn0lncstfbfg0vcuvm49fj593gcj243x:latest/misclassified_table.table.json","sha256":"d39f8153eaefbf70b919989ddc9a3d60a9a533f7e4e13fa0de962518b4260ae6","ncols":5,"_type":"table-file","path":"media/table/misclassified_table_21_d39f8153eaefbf70b919.table.json","size":4145,"artifact_path":"wandb-client-artifact://rwb6226b0a9phzchzt7vzaihu5f8ueuuno52tio482ew1resb2uboyrbthvtd3egmxbzrwwz4raaepr3dqj96u8xez4usjil4j66w1hfka8z2nrsdc6b0djv01iaue2k/misclassified_table.table.json","nrows":16,"log_mode":"IMMUTABLE"},"epoch":20,"test/top3_acc":0.9991,"test/loss":0.34226013720035553,"test_acc":0.98779296875,"test/confusion_table":{"ncols":3,"size":1786,"_latest_artifact_path":"wandb-client-artifact://649dj7sstjy7edzm0ntx5j72d4zs1err6d1okjxgh6ks7priwx5aubjvxquzgpbj9z44o1fkxjsrxcfkrem4ffs8b5830kqkvza4eb1fztacw7mjkdlxdemn24x5jkv9:latest/test/confusion_table.table.json","_type":"table-file","artifact_path":"wandb-client-artifact://myeci7ckhdt9oewuugzq7kqj0g3wypwyq6r2y6f270ltjskoehdu56epx7u4cuy5n1my1nkozxc8yuxoopc1thc2bwdcblixn0061mi5nhs9oh0nv3fphw0fijkgl2s0/test/confusion_table.table.json","sha256":"d2c2be9401cbf4ac4364ce41ad96352e6a761e5045aa0d35d137d36a4a4d71b4","log_mode":"IMMUTABLE","nrows":100,"path":"media/table/test/confusion_table_20_d2c2be9401cbf4ac4364.table.json"},"test/class_acc/4":0.9837067209775967,"test/class_acc/9":0.979187314172448,"test/class_acc/7":0.9834630350194552,"top3_acc":0.9991,"train/grad_norm":0.014373376970088073}