{"lr":1.2548976684605777e-07,"test/class_acc/1":0.9911894273127754,"_runtime":109,"test_acc":0.9875,"_wandb":{"runtime":109},"test/loss":0.35871166065335275,"test/class_acc/4":0.9887983706720977,"_timestamp":1.760110856623084e+09,"train/loss":0.45274172168152005,"valid/loss":0.3596126651391387,"test/class_acc/5":0.9865470852017937,"param_count":1466122,"test/class_acc/2":0.9883720930232558,"test/class_acc/6":0.9864300626304802,"best_valid_acc":0.986572265625,"train/grad_norm":0.03006397113751839,"_step":21,"test/class_acc/9":0.9712586719524281,"misclassified_count":16,"misclassified_table":{"path":"media/table/misclassified_table_21_6be7aac7af3fafa1674c.table.json","nrows":16,"_latest_artifact_path":"wandb-client-artifact://oow6p0cdmfqq6s5bb0ncsgahx5lohsm19eis2jm06iddk6z1ev4743thz5a096o51bfcs9h4sk5ij2wtpw7yhfk4m1q87vckbi3egspku63u3s7tboufd3bzv5bduk9f:latest/misclassified_table.table.json","ncols":5,"sha256":"6be7aac7af3fafa1674c708efdcd6ec2eb83b40416800d724bfc95895efe3fd1","size":4133,"log_mode":"IMMUTABLE","artifact_path":"wandb-client-artifact://nz3e3mahlzb6j3o18fruqfj0t0uv7bsgo6rpkivewlnbw1kepxbc74fjbr0d28rb32crfjb2eacp6hmmuvhl37ny2bbw4q0vvqw31atjn424lzsgwm34009a8r66ac2v/misclassified_table.table.json","_type":"table-file"},"test/class_acc/3":0.9910891089108911,"train/acc":0.9497301939526801,"test/class_acc/7":0.9863813229571985,"test/top3_acc":0.998,"test/class_acc/0":0.9948979591836735,"test/confusion_table":{"path":"media/table/test/confusion_table_20_c4dff2c22d1ed4f8c2c1.table.json","_latest_artifact_path":"wandb-client-artifact://r2ypruesj52dpnzchur803koacpd814xqds9q8d8q5nureje9eenn6k2m6savnzdw4c2u1l8apba87xryni929ntafo9oo64gve6fo7jle7fh3wid1ysim476qsoh5wq:latest/test/confusion_table.table.json","log_mode":"IMMUTABLE","size":1787,"artifact_path":"wandb-client-artifact://o5wqgt9fwjuu915fvj5gmzqi77ctdjiop85zh8c9rwr96onorpoj0faof2fw36u629bxaepwuoxezetns8i8v66rv6f4e9lxofl273n8q7mxqo1jrc1s0kgs09u041n5/test/confusion_table.table.json","_type":"table-file","nrows":100,"ncols":3,"sha256":"c4dff2c22d1ed4f8c2c10043b5612e93c704a9a7ddb016ba2871361525af3a90"},"test/acc":0.9875,"misclassified_examples":{"_type":"images/separated","width":28,"height":28,"format":"png","count":16,"filenames":["media/images/misclassified_examples_21_3763737bfa58ec0cb541.png","media/images/misclassified_examples_21_65e8e5516cff47fc60da.png","media/images/misclassified_examples_21_71bb79d230ddbb78899e.png","media/images/misclassified_examples_21_ff6881cfc8cb62b7f0b8.png","media/images/misclassified_examples_21_e534edda8484ec56c65a.png","media/images/misclassified_examples_21_471d0f7a6bc218bee337.png","media/images/misclassified_examples_21_fc5a3e63fdbd4c975f16.png","media/images/misclassified_examples_21_abfb74ecf048388c5353.png","media/images/misclassified_examples_21_962fc0b59216d04eed6e.png","media/images/misclassified_examples_21_591ec516548fd253d4e6.png","media/images/misclassified_examples_21_35827f3671ea8354b08d.png","media/images/misclassified_examples_21_ae77d096eb98852d9a16.png","media/images/misclassified_examples_21_9ee5eb5cab92fe50ac97.png","media/images/misclassified_examples_21_20b3cae0152f6d633777.png","media/images/misclassified_examples_21_7d0085ea5fc933d62fde.png","media/images/misclassified_examples_21_2a120b6a8bc49974281e.png"],"captions":["true=4 | pred=6 | conf=0.46","true=6 | pred=0 | conf=0.49","true=2 | pred=7 | conf=0.77","true=5 | pred=3 | conf=0.64","true=3 | pred=7 | conf=0.68","true=6 | pred=0 | conf=0.48","true=8 | pred=2 | conf=0.44","true=8 | pred=2 | conf=0.80","true=1 | pred=8 | conf=0.46","true=8 | pred=4 | conf=0.42","true=5 | pred=8 | conf=0.78","true=9 | pred=4 | conf=0.38","true=1 | pred=3 | conf=0.54","true=1 | pred=2 | conf=0.57","true=6 | pred=5 | conf=0.84","true=4 | pred=6 | conf=0.80"]},"valid/acc":0.986328125,"top3_acc":0.998,"epoch":20,"test/class_acc/8":0.9866529774127311}